{"loc":{"x":-1.9999999999999997,"y":-3.0000000000000004,"z":2.028334140777588,"w":1},"rot":{"x":0.36177553521191746,"y":0.40340416730692124,"z":0.28116793522918737,"w":1}}